{"stat.mineBlock.48":6,"stat.walkOneCm":19711,"achievement.openInventory":1,"stat.craftItem.5":28,"stat.craftItem.280":8,"stat.mineBlock.3":2,"stat.useItem.48":5,"stat.useItem.54":1,"stat.craftItem.58":1,"stat.useItem.6":1,"stat.flyOneCm":27,"stat.mineBlock.18":1,"stat.mineBlock.17":7,"stat.jump":27,"stat.playOneMinute":5073,"stat.craftItem.270":1,"stat.craftItem.54":1,"stat.useItem.3":1,"achievement.exploreAllBiomes":{"value":0,"progress":["Mega Taiga Hills","Taiga","Mega Taiga"]},"stat.useItem.270":6,"stat.useItem.58":1,"stat.mineBlock.31":3}